symbol,isin,trade_date,exchange,segment,series,trade_type,auction,quantity,price,trade_id,order_id,order_execution_time
HDFCBANK,INE040A01034,2025-12-01,NSE,EQ,EQ,buy,false,2.000000,1007.599976,202281265,1100000000039818,2025-12-01T09:00:03
BHARTIARTL,INE397D01024,2025-12-01,NSE,EQ,EQ,buy,false,1.000000,2101.600098,486641,1000000000045702,2025-12-01T09:00:06
BHARTIARTL,INE397D01024,2025-12-01,NSE,EQ,EQ,sell,false,1.000000,2093.600098,2496712,1000000023273518,2025-12-01T11:47:01
HDFCBANK,INE040A01034,2025-12-01,NSE,EQ,EQ,sell,false,2.000000,1003.000000,203861499,1100000030961061,2025-12-01T11:47:08
KOTAKBANK,INE237A01028,2025-12-01,NSE,EQ,EQ,buy,false,1.000000,2154.899902,403195089,1200000029547880,2025-12-01T11:47:16
ICICIBANK,INE090A01021,2025-12-01,NSE,EQ,EQ,buy,false,1.000000,1390.900024,203866367,1100000031003534,2025-12-01T11:47:22
GOLDBEES,INF204KB17I5,2025-12-01,NSE,EQ,EQ,buy,false,13.000000,106.400002,203950463,1100000031712155,2025-12-01T11:51:46
INFY,INE009A01021,2025-12-05,NSE,EQ,EQ,buy,false,3.000000,1622.800049,202843761,1100000026301057,2025-12-05T10:58:23
KOTAKBANK,INE237A01028,2025-12-05,BSE,EQ,A,sell,false,1.000000,2141.399902,2948100,1764911047214467064,2025-12-05T11:00:40
BAJFINANCE,INE296A01032,2025-12-05,NSE,EQ,EQ,buy,false,3.000000,1056.599976,1985153,1000000021337616,2025-12-05T11:07:09
INFY,INE009A01021,2025-12-05,NSE,EQ,EQ,sell,false,3.000000,1615.800049,208150943,1100000069081584,2025-12-05T15:20:24
BAJFINANCE,INE296A01032,2025-12-12,NSE,EQ,EQ,sell,false,3.000000,1018.000000,415944,1000000004347370,2025-12-12T09:29:17
WIPRO,INE075A01022,2025-12-12,NSE,EQ,EQ,buy,false,7.000000,258.000000,600673429,1300000005936189,2025-12-12T09:29:25
AXISBANK,INE238A01034,2025-12-12,NSE,EQ,EQ,buy,false,1.000000,1288.199951,477629,1000000005220996,2025-12-12T09:33:34
AXISBANK,INE238A01034,2025-12-12,NSE,EQ,EQ,buy,false,1.000000,1287.500000,659698,1000000007200564,2025-12-12T09:44:31
GOLDBEES,INF204KB17I5,2025-12-12,NSE,EQ,EQ,sell,false,13.000000,109.550003,206532162,1100000060806716,2025-12-12T14:46:36
IOC,INE242A01010,2025-12-15,NSE,EQ,EQ,buy,false,11.000000,166.300003,202882823,1100000025595596,2025-12-15T11:03:56
AXISBANK,INE238A01034,2025-12-15,BSE,EQ,A,sell,false,2.000000,1283.150024,2654700,1765777674061201923,2025-12-15T11:34:56
ICICIBANK,INE090A01021,2025-12-15,BSE,EQ,A,sell,false,1.000000,1365.099976,3560000,1765776868003511514,2025-12-15T11:35:03
GOLDBEES,INF204KB17I5,2025-12-15,NSE,EQ,EQ,buy,false,13.000000,110.669998,203431142,1100000030477223,2025-12-15T11:36:17
GODREJCP,INE102D01028,2025-12-16,NSE,EQ,EQ,buy,false,1.000000,1192.000000,200965103,1100000007977037,2025-12-16T09:37:34
MTNL,INE153A01019,2025-12-16,NSE,EQ,EQ,buy,false,24.000000,37.419998,401067345,1200000009531687,2025-12-16T09:44:27
WIPRO,INE075A01022,2025-12-23,NSE,EQ,EQ,sell,false,7.000000,270.890015,601382236,1300000011475223,2025-12-23T09:53:04
GOLDBEES,INF204KB17I5,2025-12-23,NSE,EQ,EQ,sell,false,13.000000,113.320000,201660688,1100000013966611,2025-12-23T09:53:08
GODREJCP,INE102D01028,2025-12-23,NSE,EQ,EQ,sell,false,1.000000,1195.000000,201664171,1100000014001347,2025-12-23T09:53:16
COALINDIA,INE522F01014,2025-12-23,NSE,EQ,EQ,buy,false,11.000000,397.799988,1283385,1000000011899485,2025-12-23T09:57:49
TATASTEEL,INE081A01020,2025-12-29,NSE,EQ,EQ,buy,false,58.000000,172.179993,607447099,1300000057687577,2025-12-29T14:08:30
NTPC,INE733E01010,2025-12-29,NSE,EQ,EQ,buy,false,12.000000,325.049988,405551796,1200000058541005,2025-12-29T14:37:29
BPCL,INE029A01011,2025-12-29,NSE,EQ,EQ,buy,false,1.000000,369.850006,4155048,1000000044355771,2025-12-29T14:37:35
BPCL,INE029A01011,2025-12-29,NSE,EQ,EQ,buy,false,9.000000,370.000000,4155049,1000000044355771,2025-12-29T14:37:35
MTNL,INE153A01019,2025-12-30,NSE,EQ,EQ,sell,false,24.000000,35.500000,404341433,1200000045213846,2025-12-30T12:49:45
TATASTEEL,INE081A01020,2025-12-31,NSE,EQ,EQ,sell,false,29.000000,180.330002,600035023,1300000000275567,2025-12-31T09:15:01
RECLTD,INE020B01018,2025-12-31,NSE,EQ,EQ,buy,false,17.000000,360.250000,602766641,1300000023466826,2025-12-31T11:03:27
RECLTD,INE020B01018,2025-12-31,NSE,EQ,EQ,sell,false,8.000000,360.100006,604003108,1300000033987668,2025-12-31T12:11:58
SAIL,INE114A01011,2025-12-31,NSE,EQ,EQ,buy,false,22.000000,147.639999,604008880,1300000034044628,2025-12-31T12:12:24
RECLTD,INE020B01018,2025-12-31,NSE,EQ,EQ,sell,false,1.000000,358.750000,605767775,1300000050143273,2025-12-31T14:10:26
SAIL,INE114A01011,2025-12-31,NSE,EQ,EQ,sell,false,22.000000,148.710007,605791995,1300000050374592,2025-12-31T14:11:54
TATASTEEL,INE081A01020,2026-01-01,NSE,EQ,EQ,sell,false,29.000000,182.000000,605527425,1300000056534242,2026-01-01T15:23:19
HINDALCO,INE038A01020,2026-01-02,NSE,EQ,EQ,buy,false,9.000000,909.150024,201998393,1100000014931374,2026-01-02T09:56:05
RECLTD,INE020B01018,2026-01-02,NSE,EQ,EQ,sell,false,4.000000,382.899994,602584843,1300000021397525,2026-01-02T10:51:26
NTPC,INE733E01010,2026-01-02,NSE,EQ,EQ,sell,false,1.000000,344.200012,402474449,1200000023075010,2026-01-02T10:51:31
NTPC,INE733E01010,2026-01-02,NSE,EQ,EQ,sell,false,1.000000,344.200012,402474450,1200000023075010,2026-01-02T10:51:31
NTPC,INE733E01010,2026-01-02,NSE,EQ,EQ,sell,false,1.000000,344.200012,402474452,1200000023075010,2026-01-02T10:51:31
NTPC,INE733E01010,2026-01-02,NSE,EQ,EQ,sell,false,3.000000,344.200012,402474451,1200000023075010,2026-01-02T10:51:31
NTPC,INE733E01010,2026-01-02,BSE,EQ,A,sell,false,6.000000,344.799988,3644700,1767332040356167876,2026-01-02T11:08:48
RECLTD,INE020B01018,2026-01-02,NSE,EQ,EQ,sell,false,4.000000,380.200012,603000858,1300000024784070,2026-01-02T11:08:54
TATAPOWER,INE245A01021,2026-01-02,NSE,EQ,EQ,buy,false,20.000000,389.000000,603045373,1300000025134809,2026-01-02T11:10:29
COALINDIA,INE522F01014,2026-01-02,NSE,EQ,EQ,sell,false,10.000000,425.600006,4066631,1000000034886767,2026-01-02T13:45:04
COALINDIA,INE522F01014,2026-01-02,NSE,EQ,EQ,sell,false,1.000000,425.649994,4066630,1000000034886767,2026-01-02T13:45:04
NATIONALUM,INE139A01034,2026-01-02,NSE,EQ,EQ,buy,false,14.000000,326.750000,405086345,1200000047752791,2026-01-02T13:48:13
BPCL,INE029A01011,2026-01-05,NSE,EQ,EQ,sell,false,10.000000,382.350006,407639,1000000003032521,2026-01-05T09:21:15
COALINDIA,INE522F01014,2026-01-05,NSE,EQ,EQ,buy,false,8.000000,431.899994,429984,1000000003230869,2026-01-05T09:21:45
IOC,INE242A01010,2026-01-05,NSE,EQ,EQ,sell,false,11.000000,167.710007,200882964,1100000006118856,2026-01-05T09:25:52
SJVN,INE002L01015,2026-01-05,NSE,EQ,EQ,buy,false,26.000000,86.900002,601197699,1300000008444418,2026-01-05T09:32:40
HINDALCO,INE038A01020,2026-01-05,NSE,EQ,EQ,sell,false,9.000000,930.500000,201365855,1100000009945647,2026-01-05T09:36:07
SJVN,INE002L01015,2026-01-05,NSE,EQ,EQ,sell,false,26.000000,87.190002,606121975,1300000047988892,2026-01-05T13:40:51
BEL,INE263A01024,2026-01-05,NSE,EQ,EQ,buy,false,5.000000,414.250000,4397723,1000000038479536,2026-01-05T13:42:45
NATIONALUM,INE139A01034,2026-01-06,NSE,EQ,EQ,sell,false,3.000000,341.799988,400633090,1200000005780435,2026-01-06T09:26:45
NATIONALUM,INE139A01034,2026-01-06,NSE,EQ,EQ,sell,false,4.000000,341.799988,400633091,1200000005780435,2026-01-06T09:26:45
COALINDIA,INE522F01014,2026-01-06,NSE,EQ,EQ,sell,false,8.000000,430.250000,508462,1000000004373278,2026-01-06T09:26:50
HINDCOPPER,INE531E01026,2026-01-06,NSE,EQ,EQ,buy,false,10.000000,570.900024,200839774,1100000006385034,2026-01-06T09:27:11
HDFCBANK,INE040A01034,2026-01-06,NSE,EQ,EQ,buy,false,5.000000,962.700012,200989174,1100000007657161,2026-01-06T09:30:39
NATIONALUM,INE139A01034,2026-01-06,NSE,EQ,EQ,sell,false,7.000000,349.750000,403627462,1200000040164669,2026-01-06T12:07:41
NTPC,INE733E01010,2026-01-06,NSE,EQ,EQ,buy,false,8.000000,347.950012,403853210,1200000043054146,2026-01-06T12:24:47
HINDCOPPER,INE531E01026,2026-01-06,NSE,EQ,EQ,sell,false,10.000000,563.900024,207677893,1100000064328318,2026-01-06T14:17:09
TATAPOWER,INE245A01021,2026-01-07,NSE,EQ,EQ,sell,false,20.000000,384.200012,601424497,1300000011355481,2026-01-07T09:43:14
SUNPHARMA,INE044A01036,2026-01-07,NSE,EQ,EQ,buy,false,4.000000,1761.500000,601606111,1300000012900931,2026-01-07T09:48:37
ICICIBANK,INE090A01021,2026-01-07,NSE,EQ,EQ,buy,false,5.000000,1416.099976,201647840,1100000013394675,2026-01-07T09:48:42
HDFCBANK,INE040A01034,2026-01-07,NSE,EQ,EQ,sell,false,5.000000,951.049988,203359685,1100000029666583,2026-01-07T10:55:38
NTPC,INE733E01010,2026-01-07,NSE,EQ,EQ,sell,false,8.000000,348.049988,402503360,1200000025344846,2026-01-07T10:55:43
BEL,INE263A01024,2026-01-07,NSE,EQ,EQ,sell,false,5.000000,414.399994,2115089,1000000020584482,2026-01-07T10:55:47
SUNPHARMA,INE044A01036,2026-01-07,NSE,EQ,EQ,buy,false,2.000000,1780.800049,603258901,1300000027453051,2026-01-07T10:56:02
COALINDIA,INE522F01014,2026-01-07,NSE,EQ,EQ,buy,false,1.000000,429.000000,2124508,1000000020687165,2026-01-07T10:56:30
COALINDIA,INE522F01014,2026-01-07,NSE,EQ,EQ,buy,false,1.000000,429.000000,2124509,1000000020687165,2026-01-07T10:56:30
NTPC,INE733E01010,2026-01-08,NSE,EQ,EQ,buy,false,1.000000,347.549988,400800598,1200000007153815,2026-01-08T09:33:35
NTPC,INE733E01010,2026-01-08,NSE,EQ,EQ,buy,false,12.000000,347.549988,400800601,1200000007153815,2026-01-08T09:33:35
NTPC,INE733E01010,2026-01-08,NSE,EQ,EQ,buy,false,3.000000,347.549988,400800599,1200000007153815,2026-01-08T09:33:35
NTPC,INE733E01010,2026-01-08,NSE,EQ,EQ,buy,false,94.000000,347.549988,400800600,1200000007153815,2026-01-08T09:33:35
ICICIBANK,INE090A01021,2026-01-08,BSE,EQ,A,sell,false,5.000000,1438.050049,2296700,1767843000019890879,2026-01-08T09:37:11
NTPC,INE733E01010,2026-01-08,NSE,EQ,EQ,sell,false,16.000000,346.500000,402636489,1200000007214462,2026-01-08T11:12:30
NTPC,INE733E01010,2026-01-08,NSE,EQ,EQ,sell,false,94.000000,346.500000,402636490,1200000007214462,2026-01-08T11:12:30
COALINDIA,INE522F01014,2026-01-08,NSE,EQ,EQ,sell,false,2.000000,425.600006,2577590,1000000025971062,2026-01-08T11:21:27
SBIN,INE062A01020,2026-01-08,NSE,EQ,EQ,buy,false,10.000000,999.400024,606946345,1300000065354629,2026-01-08T13:51:16
COALINDIA,INE522F01014,2026-01-08,NSE,EQ,EQ,buy,false,2.000000,425.149994,6090818,1000000060925517,2026-01-08T15:07:47
SBIN,INE062A01020,2026-01-08,NSE,EQ,EQ,sell,false,4.000000,998.849976,608805831,1300000080648386,2026-01-08T15:07:52
SBIN,INE062A01020,2026-01-08,NSE,EQ,EQ,sell,false,6.000000,998.849976,608805830,1300000080648386,2026-01-08T15:07:52
ICICIBANK,INE090A01021,2026-01-08,BSE,EQ,A,buy,false,5.000000,1436.500000,15751500,1767864707880242000,2026-01-08T15:08:23
SUNPHARMA,INE044A01036,2026-01-08,NSE,EQ,EQ,sell,false,6.000000,1761.800049,608850783,1300000080886597,2026-01-08T15:08:41
NATIONALUM,INE139A01034,2026-01-09,NSE,EQ,EQ,buy,false,17.000000,338.899994,400467325,1200000004483872,2026-01-09T09:23:51
COALINDIA,INE522F01014,2026-01-09,NSE,EQ,EQ,sell,false,2.000000,425.000000,694732,1000000006633196,2026-01-09T09:32:01
ICICIBANK,INE090A01021,2026-01-09,BSE,EQ,A,sell,false,5.000000,1416.199951,1464600,1767929400025750107,2026-01-09T09:33:06
ONGC,INE213A01029,2026-01-09,NSE,EQ,EQ,buy,false,23.000000,234.350006,400890119,1200000009141991,2026-01-09T09:35:55
NATIONALUM,INE139A01034,2026-01-09,NSE,EQ,EQ,sell,false,17.000000,344.149994,402372971,1200000027972007,2026-01-09T10:38:55
ONGC,INE213A01029,2026-01-09,NSE,EQ,EQ,sell,false,18.000000,235.449997,402373713,1200000027985918,2026-01-09T10:38:58
ONGC,INE213A01029,2026-01-09,NSE,EQ,EQ,sell,false,2.000000,235.449997,402373712,1200000027985918,2026-01-09T10:38:58
ONGC,INE213A01029,2026-01-09,NSE,EQ,EQ,sell,false,3.000000,235.449997,402373711,1200000027985918,2026-01-09T10:38:58
NATIONALUM,INE139A01034,2026-01-09,NSE,EQ,EQ,buy,false,21.000000,345.700012,402555509,1200000030789249,2026-01-09T10:51:08
NATIONALUM,INE139A01034,2026-01-09,NSE,EQ,EQ,sell,false,21.000000,342.100006,402823042,1200000034502148,2026-01-09T11:08:29
NATIONALUM,INE139A01034,2026-01-09,NSE,EQ,EQ,buy,false,35.000000,345.799988,404172407,1200000052679264,2026-01-09T12:43:51
VEDL,INE205A01025,2026-01-09,NSE,EQ,EQ,buy,false,16.000000,611.950012,604733130,1300000046382773,2026-01-09T12:43:55
SBIN,INE062A01020,2026-01-09,NSE,EQ,EQ,buy,false,10.000000,1002.000000,604733903,1300000046394521,2026-01-09T12:43:59
NATIONALUM,INE139A01034,2026-01-09,NSE,EQ,EQ,sell,false,35.000000,346.600006,404682854,1200000059537233,2026-01-09T13:21:20
NATIONALUM,INE139A01034,2026-01-09,NSE,EQ,EQ,sell,false,35.000000,346.549988,404687421,1200000059592791,2026-01-09T13:21:41
NATIONALUM,INE139A01034,2026-01-09,NSE,EQ,EQ,buy,false,13.000000,346.649994,404689027,1200000059615631,2026-01-09T13:21:51
NATIONALUM,INE139A01034,2026-01-09,NSE,EQ,EQ,buy,false,22.000000,346.649994,404689026,1200000059615631,2026-01-09T13:21:51
SBIN,INE062A01020,2026-01-09,NSE,EQ,EQ,sell,false,10.000000,1000.849976,608430531,1300000075345006,2026-01-09T15:27:46
VEDL,INE205A01025,2026-01-09,NSE,EQ,EQ,sell,false,3.000000,610.500000,608434234,1300000075357465,2026-01-09T15:27:53
VEDL,INE205A01025,2026-01-09,NSE,EQ,EQ,sell,false,4.000000,610.500000,608434233,1300000075357465,2026-01-09T15:27:53
VEDL,INE205A01025,2026-01-09,NSE,EQ,EQ,sell,false,9.000000,610.500000,608434232,1300000075357465,2026-01-09T15:27:53
LIQUIDBEES,INF732E01037,2026-01-12,NSE,EQ,EQ,buy,false,20.000000,1000.000000,400122699,1200000000783667,2026-01-12T09:15:50
VEDL,INE205A01025,2026-01-12,NSE,EQ,EQ,buy,false,11.000000,621.049988,600305128,1300000001795908,2026-01-12T09:17:15
NATIONALUM,INE139A01034,2026-01-12,NSE,EQ,EQ,buy,false,20.000000,352.500000,400259031,1200000002025006,2026-01-12T09:18:12
TATASTEEL,INE081A01020,2026-01-14,NSE,EQ,EQ,buy,false,35.000000,185.649994,601172000,1300000009852496,2026-01-14T09:48:30
VEDL,INE205A01025,2026-01-14,NSE,EQ,EQ,sell,false,11.000000,660.299988,601331297,1300000011476512,2026-01-14T09:55:46
ONGC,INE213A01029,2026-01-14,NSE,EQ,EQ,buy,false,28.000000,249.740005,402805934,1200000028066044,2026-01-14T11:10:21
NATIONALUM,INE139A01034,2026-01-14,NSE,EQ,EQ,sell,false,20.000000,369.950012,402948700,1200000029454924,2026-01-14T11:18:29
TATASTEEL,INE081A01020,2026-01-14,NSE,EQ,EQ,sell,false,35.000000,189.000000,603198899,1300000029904535,2026-01-14T11:30:11
ONGC,INE213A01029,2026-01-14,NSE,EQ,EQ,sell,false,28.000000,249.000000,405299200,1200000032128418,2026-01-14T13:56:10
BPCL,INE029A01011,2026-01-16,NSE,EQ,EQ,buy,false,1.000000,365.600006,2395106,1000000023029518,2026-01-16T11:04:45
BPCL,INE029A01011,2026-01-16,NSE,EQ,EQ,buy,false,1.000000,365.600006,2395107,1000000023029518,2026-01-16T11:04:45
BPCL,INE029A01011,2026-01-16,NSE,EQ,EQ,buy,false,1.000000,365.600006,2395108,1000000023029518,2026-01-16T11:04:45
BPCL,INE029A01011,2026-01-16,NSE,EQ,EQ,buy,false,1.000000,365.600006,2395109,1000000023029518,2026-01-16T11:04:45
BPCL,INE029A01011,2026-01-16,NSE,EQ,EQ,buy,false,116.000000,365.649994,2395111,1000000023029518,2026-01-16T11:04:45
BPCL,INE029A01011,2026-01-16,NSE,EQ,EQ,buy,false,30.000000,365.649994,2395110,1000000023029518,2026-01-16T11:04:45
VEDL,INE205A01025,2026-01-16,NSE,EQ,EQ,buy,false,28.000000,684.650024,603888206,1300000028044176,2026-01-16T11:09:53
VEDL,INE205A01025,2026-01-16,NSE,EQ,EQ,buy,false,72.000000,684.650024,603888207,1300000028044176,2026-01-16T11:09:53
BPCL,INE029A01011,2026-01-16,NSE,EQ,EQ,sell,false,16.000000,366.000000,2728732,1000000026685810,2026-01-16T11:27:52
BPCL,INE029A01011,2026-01-16,NSE,EQ,EQ,sell,false,51.000000,366.000000,2728731,1000000026685810,2026-01-16T11:27:52
BPCL,INE029A01011,2026-01-16,NSE,EQ,EQ,sell,false,83.000000,366.049988,2728730,1000000026685810,2026-01-16T11:27:52
VEDL,INE205A01025,2026-01-16,NSE,EQ,EQ,sell,false,100.000000,685.250000,604310287,1300000031038321,2026-01-16T11:27:54
IOC,INE242A01010,2026-01-19,NSE,EQ,EQ,buy,false,10.000000,161.149994,208208875,1100000082051793,2026-01-19T14:54:04
IOC,INE242A01010,2026-01-19,NSE,EQ,EQ,buy,false,19.000000,161.149994,208208876,1100000082051793,2026-01-19T14:54:04
IOC,INE242A01010,2026-01-19,NSE,EQ,EQ,buy,false,6.000000,161.119995,208208874,1100000082051793,2026-01-19T14:54:04
IOC,INE242A01010,2026-01-19,NSE,EQ,EQ,sell,false,1.000000,160.979996,208923822,1100000086739681,2026-01-19T15:14:22
IOC,INE242A01010,2026-01-19,NSE,EQ,EQ,sell,false,1.000000,160.979996,208923823,1100000086739681,2026-01-19T15:14:22
IOC,INE242A01010,2026-01-19,NSE,EQ,EQ,sell,false,1.000000,160.979996,208923824,1100000086739681,2026-01-19T15:14:22
IOC,INE242A01010,2026-01-19,NSE,EQ,EQ,sell,false,18.000000,160.979996,208923826,1100000086739681,2026-01-19T15:14:22
IOC,INE242A01010,2026-01-19,NSE,EQ,EQ,sell,false,2.000000,160.979996,208923825,1100000086739681,2026-01-19T15:14:22
IOC,INE242A01010,2026-01-19,NSE,EQ,EQ,sell,false,5.000000,160.979996,208923821,1100000086739681,2026-01-19T15:14:22
IOC,INE242A01010,2026-01-19,NSE,EQ,EQ,sell,false,7.000000,160.979996,208923820,1100000086739681,2026-01-19T15:14:22
ONGC,INE213A01029,2026-01-21,NSE,EQ,EQ,buy,false,6.000000,241.460007,400545631,1200000004914017,2026-01-21T09:23:01
COALINDIA,INE522F01014,2026-01-21,NSE,EQ,EQ,buy,false,3.000000,416.250000,547140,1000000004606487,2026-01-21T09:23:04
ONGC,INE213A01029,2026-01-21,NSE,EQ,EQ,buy,false,40.000000,241.380005,400651101,1200000005925866,2026-01-21T09:24:49
COALINDIA,INE522F01014,2026-01-21,NSE,EQ,EQ,buy,false,4.000000,416.799988,642482,1000000005563142,2026-01-21T09:25:04
COALINDIA,INE522F01014,2026-01-21,NSE,EQ,EQ,buy,false,7.000000,416.750000,642480,1000000005563142,2026-01-21T09:25:04
COALINDIA,INE522F01014,2026-01-21,NSE,EQ,EQ,buy,false,9.000000,416.750000,642481,1000000005563142,2026-01-21T09:25:04
HINDALCO,INE038A01020,2026-01-21,NSE,EQ,EQ,buy,false,10.000000,939.500000,201074710,1100000007857547,2026-01-21T09:26:25
HINDALCO,INE038A01020,2026-01-21,NSE,EQ,EQ,buy,false,5.000000,939.400024,201074708,1100000007857547,2026-01-21T09:26:25
HINDALCO,INE038A01020,2026-01-21,NSE,EQ,EQ,buy,false,5.000000,939.400024,201074709,1100000007857547,2026-01-21T09:26:25
NATIONALUM,INE139A01034,2026-01-21,NSE,EQ,EQ,buy,false,50.000000,360.350006,400741872,1200000006861045,2026-01-21T09:26:29
IOC,INE242A01010,2026-01-21,NSE,EQ,EQ,buy,false,120.000000,159.770004,201086917,1100000007957685,2026-01-21T09:26:35
BPCL,INE029A01011,2026-01-21,NSE,EQ,EQ,buy,false,50.000000,358.149994,724244,1000000006379122,2026-01-21T09:26:41
HINDALCO,INE038A01020,2026-01-21,NSE,EQ,EQ,sell,false,20.000000,942.099976,201501401,1100000011537039,2026-01-21T09:32:41
BPCL,INE029A01011,2026-01-21,NSE,EQ,EQ,sell,false,1.000000,348.399994,2720495,1000000028206365,2026-01-21T10:38:40
BPCL,INE029A01011,2026-01-21,NSE,EQ,EQ,sell,false,49.000000,348.399994,2720496,1000000028206365,2026-01-21T10:38:40
ONGC,INE213A01029,2026-01-21,NSE,EQ,EQ,buy,false,20.000000,241.149994,402845730,1200000031890377,2026-01-21T10:38:44
NATIONALUM,INE139A01034,2026-01-21,NSE,EQ,EQ,buy,false,28.000000,354.799988,402846782,1200000031903081,2026-01-21T10:38:48
BPCL,INE029A01011,2026-01-21,NSE,EQ,EQ,sell,false,50.000000,348.500000,2764386,1000000028613679,2026-01-21T10:40:11
ONGC,INE213A01029,2026-01-21,NSE,EQ,EQ,buy,false,20.000000,240.940002,402895760,1200000032393805,2026-01-21T10:40:27
NATIONALUM,INE139A01034,2026-01-21,NSE,EQ,EQ,buy,false,28.000000,354.549988,402902606,1200000032458825,2026-01-21T10:40:43
ICICIBANK,INE090A01021,2026-01-21,NSE,EQ,EQ,buy,false,28.000000,1346.000000,204475532,1100000039888779,2026-01-21T10:50:39
ICICIBANK,INE090A01021,2026-01-21,NSE,EQ,EQ,sell,false,28.000000,1340.000000,205026355,1100000044331602,2026-01-21T11:04:01
IOC,INE242A01010,2026-01-21,NSE,EQ,EQ,sell,false,89.000000,157.690002,205227780,1100000046248987,2026-01-21T11:10:34
IOC,INE242A01010,2026-01-21,NSE,EQ,EQ,sell,false,31.000000,157.690002,205227781,1100000046248987,2026-01-21T11:10:34
COALINDIA,INE522F01014,2026-01-21,NSE,EQ,EQ,sell,false,23.000000,414.000000,3512697,1000000035596897,2026-01-21T11:10:37
GOLDBEES,INF204KB17I5,2026-01-21,NSE,EQ,EQ,buy,false,112.000000,132.600006,205231994,1100000046286985,2026-01-21T11:10:41
BPCL,INE029A01011,2026-01-21,NSE,EQ,EQ,buy,false,50.000000,348.000000,3683267,1000000037486632,2026-01-21T11:18:50
ONGC,INE213A01029,2026-01-21,NSE,EQ,EQ,sell,false,86.000000,241.000000,403991831,1200000043589100,2026-01-21T11:21:58
NATIONALUM,INE139A01034,2026-01-21,NSE,EQ,EQ,sell,false,105.000000,358.450012,403992703,1200000043600988,2026-01-21T11:22:00
NATIONALUM,INE139A01034,2026-01-21,NSE,EQ,EQ,sell,false,1.000000,358.500000,403992702,1200000043600988,2026-01-21T11:22:00
GOLDBEES,INF204KB17I5,2026-01-21,NSE,EQ,EQ,sell,false,112.000000,132.779999,205572663,1100000049542967,2026-01-21T11:22:03
BPCL,INE029A01011,2026-01-21,NSE,EQ,EQ,sell,false,34.000000,349.000000,4566769,1000000046939114,2026-01-21T12:10:21
BPCL,INE029A01011,2026-01-21,NSE,EQ,EQ,sell,false,66.000000,349.000000,4566768,1000000046939114,2026-01-21T12:10:21
IOC,INE242A01010,2026-01-21,NSE,EQ,EQ,sell,false,1.000000,158.279999,206777776,1100000060813568,2026-01-21T12:10:23
IOC,INE242A01010,2026-01-21,NSE,EQ,EQ,sell,false,2.000000,158.279999,206777775,1100000060813568,2026-01-21T12:10:23
IOC,INE242A01010,2026-01-21,NSE,EQ,EQ,sell,false,39.000000,158.279999,206777778,1100000060813568,2026-01-21T12:10:23
IOC,INE242A01010,2026-01-21,NSE,EQ,EQ,sell,false,8.000000,158.279999,206777777,1100000060813568,2026-01-21T12:10:23
HDFCBANK,INE040A01034,2026-01-21,NSE,EQ,EQ,buy,false,7.000000,926.450012,206778560,1100000060820906,2026-01-21T12:10:24
IOC,INE242A01010,2026-01-21,NSE,EQ,EQ,buy,false,50.000000,158.850006,207137935,1100000064167335,2026-01-21T12:23:03
BPCL,INE029A01011,2026-01-21,NSE,EQ,EQ,buy,false,100.000000,349.549988,4798866,1000000049415438,2026-01-21T12:23:05
HDFCBANK,INE040A01034,2026-01-21,NSE,EQ,EQ,sell,false,7.000000,925.200012,207140656,1100000064186389,2026-01-21T12:23:08
IOC,INE242A01010,2026-01-21,NSE,EQ,EQ,buy,false,1.000000,158.880005,207141615,1100000064195674,2026-01-21T12:23:11
IOC,INE242A01010,2026-01-21,NSE,EQ,EQ,buy,false,74.000000,158.880005,207141616,1100000064195674,2026-01-21T12:23:11
NATIONALUM,INE139A01034,2026-01-21,NSE,EQ,EQ,buy,false,25.000000,360.450012,405229312,1200000057784898,2026-01-21T12:23:20
NATIONALUM,INE139A01034,2026-01-21,NSE,EQ,EQ,sell,false,13.000000,359.250000,405340216,1200000059152167,2026-01-21T12:29:10
BPCL,INE029A01011,2026-01-21,NSE,EQ,EQ,buy,false,100.000000,350.799988,4937023,1000000050936791,2026-01-21T12:31:16
IOC,INE242A01010,2026-01-21,NSE,EQ,EQ,buy,false,50.000000,160.000000,207802719,1100000070428284,2026-01-21T12:48:15
IOC,INE242A01010,2026-01-21,NSE,EQ,EQ,sell,false,75.000000,160.000000,207835344,1100000070428272,2026-01-21T12:48:15
BPCL,INE029A01011,2026-01-21,NSE,EQ,EQ,sell,false,1.000000,353.000000,5261034,1000000054526553,2026-01-21T12:50:32
BPCL,INE029A01011,2026-01-21,NSE,EQ,EQ,sell,false,26.000000,353.000000,5261033,1000000054526553,2026-01-21T12:50:32
BPCL,INE029A01011,2026-01-21,NSE,EQ,EQ,sell,false,73.000000,353.000000,5261035,1000000054526553,2026-01-21T12:50:32
IOC,INE242A01010,2026-01-21,NSE,EQ,EQ,sell,false,50.000000,159.960007,207864622,1100000071026643,2026-01-21T12:50:36
NATIONALUM,INE139A01034,2026-01-21,NSE,EQ,EQ,sell,false,12.000000,361.450012,405787366,1200000064759661,2026-01-21T12:50:39
HDFCBANK,INE040A01034,2026-01-21,NSE,EQ,EQ,sell,false,1.000000,920.299988,209948597,1100000091158282,2026-01-21T14:24:15
HDFCBANK,INE040A01034,2026-01-21,NSE,EQ,EQ,sell,false,6.000000,920.299988,209948596,1100000091158282,2026-01-21T14:24:15
HDFCBANK,INE040A01034,2026-01-21,NSE,EQ,EQ,buy,false,7.000000,920.049988,211994422,1100000104621063,2026-01-21T15:25:19
RELIANCE,INE002A01018,2026-01-22,NSE,EQ,EQ,buy,false,50.000000,1413.000000,600889277,1300000004805036,2026-01-22T09:21:23
TCS,INE467B01029,2026-01-22,NSE,EQ,EQ,sell,false,20.000000,3141.800049,601373077,1300000008156130,2026-01-22T09:27:15
RELIANCE,INE002A01018,2026-01-22,NSE,EQ,EQ,sell,false,24.000000,1418.199951,602034344,1300000012829376,2026-01-22T09:36:48
RELIANCE,INE002A01018,2026-01-22,NSE,EQ,EQ,sell,false,26.000000,1418.199951,602034345,1300000012829376,2026-01-22T09:36:48
TCS,INE467B01029,2026-01-22,NSE,EQ,EQ,buy,false,20.000000,3140.000000,605924449,1300000040380196,2026-01-22T10:52:52
LIQUIDBEES,INF732E01037,2026-01-22,NSE,EQ,EQ,sell,false,20.000000,1000.000000,404332898,1200000058192118,2026-01-22T13:34:51
POWERGRID,INE752E01010,2026-01-22,NSE,EQ,EQ,buy,false,27.000000,257.100006,404675721,1200000062549057,2026-01-22T13:57:58
NATIONALUM,INE139A01034,2026-01-22,NSE,EQ,EQ,buy,false,13.000000,364.149994,404675983,1200000062553459,2026-01-22T13:58:00
NATIONALUM,INE139A01034,2026-01-22,NSE,EQ,EQ,buy,false,6.000000,364.100006,404675982,1200000062553459,2026-01-22T13:58:00
SAIL,INE114A01011,2026-01-22,NSE,EQ,EQ,buy,false,36.000000,150.710007,609896767,1300000082838880,2026-01-22T14:04:41
POWERGRID,INE752E01010,2026-01-22,NSE,EQ,EQ,sell,false,13.000000,259.000000,405920659,1200000076545052,2026-01-22T15:07:26
POWERGRID,INE752E01010,2026-01-22,NSE,EQ,EQ,sell,false,14.000000,259.750000,406547560,1200000079678302,2026-01-22T15:25:26
SAIL,INE114A01011,2026-01-22,NSE,EQ,EQ,sell,false,36.000000,152.029999,612535480,1300000101652553,2026-01-22T15:25:26
NATIONALUM,INE139A01034,2026-01-23,NSE,EQ,EQ,sell,false,19.000000,369.149994,400235255,1200000002285422,2026-01-23T09:19:11
VEDL,INE205A01025,2026-01-23,NSE,EQ,EQ,buy,false,43.000000,691.750000,600799280,1300000005973720,2026-01-23T09:23:47
VEDL,INE205A01025,2026-01-23,NSE,EQ,EQ,buy,false,57.000000,691.750000,600799279,1300000005973720,2026-01-23T09:23:47
VEDL,INE205A01025,2026-01-23,NSE,EQ,EQ,sell,false,40.000000,696.049988,602145840,1300000018790819,2026-01-23T09:56:42
VEDL,INE205A01025,2026-01-23,NSE,EQ,EQ,sell,false,60.000000,697.900024,603177594,1300000028970423,2026-01-23T10:34:17
HINDALCO,INE038A01020,2026-01-23,NSE,EQ,EQ,buy,false,1.000000,950.549988,207796036,1100000074069444,2026-01-23T14:11:47
HINDALCO,INE038A01020,2026-01-23,NSE,EQ,EQ,buy,false,4.000000,950.549988,207796035,1100000074069444,2026-01-23T14:11:47
ONGC,INE213A01029,2026-01-23,NSE,EQ,EQ,buy,false,24.000000,245.300003,405016893,1200000064089732,2026-01-23T14:11:50
BPCL,INE029A01011,2026-01-23,NSE,EQ,EQ,buy,false,5.000000,352.100006,5676190,1000000063919590,2026-01-23T14:12:03
ONGC,INE213A01029,2026-01-23,NSE,EQ,EQ,sell,false,24.000000,246.149994,407065583,1200000081741499,2026-01-23T15:28:20
BPCL,INE029A01011,2026-01-23,NSE,EQ,EQ,sell,false,5.000000,349.149994,8034977,1000000082647731,2026-01-23T15:28:23
NATIONALUM,INE139A01034,2026-01-23,NSE,EQ,EQ,buy,false,19.000000,371.250000,407067679,1200000081748092,2026-01-23T15:28:24
HINDALCO,INE038A01020,2026-01-27,BSE,EQ,A,sell,false,5.000000,962.200012,864800,1769484600009263861,2026-01-27T09:19:21
ADANIGREEN,INE364U01010,2026-01-27,NSE,EQ,EQ,buy,false,6.000000,778.599976,520365,1000000003748470,2026-01-27T09:20:24
VEDL,INE205A01025,2026-01-27,NSE,EQ,EQ,buy,false,8.000000,701.500000,601454233,1300000009761119,2026-01-27T09:28:24
COALINDIA,INE522F01014,2026-01-27,NSE,EQ,EQ,buy,false,15.000000,423.549988,978139,1000000007959287,2026-01-27T09:28:29
ADANIGREEN,INE364U01010,2026-01-27,NSE,EQ,EQ,sell,false,6.000000,792.700012,3697389,1000000037531679,2026-01-27T11:13:45
VEDL,INE205A01025,2026-01-27,NSE,EQ,EQ,sell,false,8.000000,704.849976,610921540,1300000099862783,2026-01-27T15:08:15
HINDALCO,INE038A01020,2026-01-27,NSE,EQ,EQ,buy,false,5.000000,962.250000,211646260,1100000100458300,2026-01-27T15:08:58
COALINDIA,INE522F01014,2026-01-27,NSE,EQ,EQ,sell,false,15.000000,423.200012,8393173,1000000085752223,2026-01-27T15:15:39
HINDALCO,INE038A01020,2026-01-27,NSE,EQ,EQ,sell,false,5.000000,961.450012,212083097,1100000102381091,2026-01-27T15:15:58
COALINDIA,INE522F01014,2026-01-27,NSE,EQ,EQ,sell,false,15.000000,423.149994,8440059,1000000085958301,2026-01-27T15:16:35
HINDALCO,INE038A01020,2026-01-27,NSE,EQ,EQ,sell,false,1.000000,961.250000,212134324,1100000102601781,2026-01-27T15:16:38
HINDALCO,INE038A01020,2026-01-27,NSE,EQ,EQ,sell,false,1.000000,961.250000,212134325,1100000102601781,2026-01-27T15:16:38
HINDALCO,INE038A01020,2026-01-27,NSE,EQ,EQ,sell,false,3.000000,961.250000,212134326,1100000102601781,2026-01-27T15:16:38
HINDALCO,INE038A01020,2026-01-27,NSE,EQ,EQ,buy,false,1.000000,961.650024,212341234,1100000103457845,2026-01-27T15:19:31
HINDALCO,INE038A01020,2026-01-27,NSE,EQ,EQ,buy,false,2.000000,961.650024,212341232,1100000103457845,2026-01-27T15:19:31
HINDALCO,INE038A01020,2026-01-27,NSE,EQ,EQ,buy,false,2.000000,961.650024,212341233,1100000103457845,2026-01-27T15:19:31
COALINDIA,INE522F01014,2026-01-27,NSE,EQ,EQ,buy,false,15.000000,422.899994,8677535,1000000086910428,2026-01-27T15:21:31
COALINDIA,INE522F01014,2026-01-27,NSE,EQ,EQ,buy,false,15.000000,422.799988,8699367,1000000086993825,2026-01-27T15:22:04
COALINDIA,INE522F01014,2026-01-27,NSE,EQ,EQ,sell,false,30.000000,422.600006,8703968,1000000087012181,2026-01-27T15:22:10
COALINDIA,INE522F01014,2026-01-27,NSE,EQ,EQ,buy,false,15.000000,422.649994,8706456,1000000087023253,2026-01-27T15:22:15
COALINDIA,INE522F01014,2026-01-27,NSE,EQ,EQ,sell,false,15.000000,422.500000,8709593,1000000087035849,2026-01-27T15:22:19
COALINDIA,INE522F01014,2026-01-27,NSE,EQ,EQ,buy,false,15.000000,422.549988,8712135,1000000087046788,2026-01-27T15:22:23
HINDALCO,INE038A01020,2026-01-28,NSE,EQ,EQ,buy,false,5.000000,972.000000,200041361,1100000000316258,2026-01-28T09:15:01
ONGC,INE213A01029,2026-01-28,NSE,EQ,EQ,buy,false,30.000000,263.549988,401390284,1200000013271259,2026-01-28T09:47:23
ONGC,INE213A01029,2026-01-28,NSE,EQ,EQ,sell,false,30.000000,263.649994,401445859,1200000013979319,2026-01-28T09:49:19
TATAPOWER,INE245A01021,2026-01-28,NSE,EQ,EQ,buy,false,28.000000,351.500000,602983093,1300000024343838,2026-01-28T10:25:54
TATAPOWER,INE245A01021,2026-01-28,NSE,EQ,EQ,buy,false,15.000000,351.500000,602983094,1300000024960214,2026-01-28T10:28:50
NATIONALUM,INE139A01034,2026-01-28,NSE,EQ,EQ,sell,false,14.000000,401.000000,402733482,1200000027441655,2026-01-28T10:40:33
TATAPOWER,INE245A01021,2026-01-28,NSE,EQ,EQ,sell,false,20.000000,354.549988,604205239,1300000037450591,2026-01-28T11:24:32
TATAPOWER,INE245A01021,2026-01-28,NSE,EQ,EQ,sell,false,15.000000,352.750000,607131286,1300000065569975,2026-01-28T13:43:58
TATAPOWER,INE245A01021,2026-01-28,NSE,EQ,EQ,sell,false,8.000000,352.750000,607131287,1300000065569975,2026-01-28T13:43:58
NATIONALUM,INE139A01034,2026-01-28,NSE,EQ,EQ,buy,false,14.000000,400.450012,405781052,1200000065593468,2026-01-28T13:44:33
NATIONALUM,INE139A01034,2026-01-28,BSE,EQ,A,sell,false,19.000000,400.149994,9000700,1769582547351982736,2026-01-28T13:44:55
HINDALCO,INE038A01020,2026-01-28,NSE,EQ,EQ,sell,false,5.000000,1000.049988,207696218,1100000066435679,2026-01-28T13:45:17
NATIONALUM,INE139A01034,2026-01-28,NSE,EQ,EQ,buy,false,12.000000,400.399994,405809099,1200000065891048,2026-01-28T13:46:03
NATIONALUM,INE139A01034,2026-01-28,NSE,EQ,EQ,buy,false,7.000000,400.399994,405809098,1200000065891048,2026-01-28T13:46:03
NATIONALUM,INE139A01034,2026-01-28,BSE,EQ,A,sell,false,19.000000,400.649994,9293300,1769588111902063743,2026-01-28T13:51:43
ONGC,INE213A01029,2026-01-29,NSE,EQ,EQ,buy,false,1.000000,276.329987,406907984,1200000077297600,2026-01-29T14:36:35
ONGC,INE213A01029,2026-01-29,NSE,EQ,EQ,buy,false,199.000000,276.350006,406907985,1200000077297600,2026-01-29T14:36:35
ONGC,INE213A01029,2026-01-29,NSE,EQ,EQ,sell,false,200.000000,277.070007,406987926,1200000077996690,2026-01-29T14:40:20
ONGC,INE213A01029,2026-01-29,NSE,EQ,EQ,sell,false,138.000000,277.250000,406992085,1200000078041394,2026-01-29T14:40:32
ONGC,INE213A01029,2026-01-29,NSE,EQ,EQ,sell,false,62.000000,277.200012,406992086,1200000078041394,2026-01-29T14:40:32
ONGC,INE213A01029,2026-01-29,NSE,EQ,EQ,buy,false,200.000000,277.260010,406998108,1200000078095306,2026-01-29T14:40:50
ONGC,INE213A01029,2026-01-29,NSE,EQ,EQ,sell,false,100.000000,275.000000,407735577,1200000083977634,2026-01-29T15:08:36
ONGC,INE213A01029,2026-01-29,NSE,EQ,EQ,sell,false,16.000000,275.000000,407735578,1200000083977634,2026-01-29T15:08:36
ONGC,INE213A01029,2026-01-29,NSE,EQ,EQ,sell,false,84.000000,275.000000,407735576,1200000083977634,2026-01-29T15:08:36
ONGC,INE213A01029,2026-01-29,NSE,EQ,EQ,buy,false,10.000000,275.649994,408431362,1200000087143638,2026-01-29T15:25:25
ONGC,INE213A01029,2026-01-29,NSE,EQ,EQ,buy,false,153.000000,275.700012,408431365,1200000087143638,2026-01-29T15:25:25
ONGC,INE213A01029,2026-01-29,NSE,EQ,EQ,buy,false,32.000000,275.700012,408431364,1200000087143638,2026-01-29T15:25:25
ONGC,INE213A01029,2026-01-29,NSE,EQ,EQ,buy,false,5.000000,275.649994,408431363,1200000087143638,2026-01-29T15:25:25
GOLDBEES,INF204KB17I5,2026-01-30,NSE,EQ,EQ,buy,false,29.000000,139.130005,205111285,1100000040650330,2026-01-30T10:53:05
GOLDBEES,INF204KB17I5,2026-01-30,NSE,EQ,EQ,buy,false,57.000000,139.119995,205111283,1100000040650330,2026-01-30T10:53:05
GOLDBEES,INF204KB17I5,2026-01-30,NSE,EQ,EQ,buy,false,57.000000,139.130005,205111284,1100000040650330,2026-01-30T10:53:05
NATIONALUM,INE139A01034,2026-02-02,NSE,EQ,EQ,buy,false,101.000000,366.000000,400700813,1200000006352682,2026-02-02T09:26:20
NATIONALUM,INE139A01034,2026-02-02,NSE,EQ,EQ,buy,false,23.000000,365.950012,400700812,1200000006352682,2026-02-02T09:26:20
NATIONALUM,INE139A01034,2026-02-02,NSE,EQ,EQ,buy,false,76.000000,365.950012,400700811,1200000006352682,2026-02-02T09:26:20
NATIONALUM,INE139A01034,2026-02-02,NSE,EQ,EQ,sell,false,200.000000,359.000000,404407555,1200000006918990,2026-02-02T11:51:05
POWERGRID,INE752E01010,2026-02-03,NSE,EQ,EQ,buy,false,100.000000,280.600006,403490886,1200000031967594,2026-02-03T10:30:38
POWERGRID,INE752E01010,2026-02-03,NSE,EQ,EQ,sell,false,100.000000,282.500000,403861524,1200000036155999,2026-02-03T10:46:13
GOLDBEES,INF204KB17I5,2026-02-03,NSE,EQ,EQ,buy,false,6.000000,125.779999,208432727,1100000073904308,2026-02-03T13:13:54
SBIN,INE062A01020,2026-02-04,NSE,EQ,EQ,buy,false,13.000000,1067.900024,601166857,1300000008510227,2026-02-04T09:28:22
VEDL,INE205A01025,2026-02-04,NSE,EQ,EQ,buy,false,10.000000,692.500000,603204301,1300000026341130,2026-02-04T10:20:11
VEDL,INE205A01025,2026-02-04,NSE,EQ,EQ,buy,false,24.000000,692.500000,603204300,1300000026341130,2026-02-04T10:20:11
VEDL,INE205A01025,2026-02-04,NSE,EQ,EQ,buy,false,41.000000,692.500000,603204302,1300000026341130,2026-02-04T10:20:11
VEDL,INE205A01025,2026-02-04,NSE,EQ,EQ,sell,false,75.000000,687.500000,611268224,1300000099313802,2026-02-04T15:25:27
SBIN,INE062A01020,2026-02-04,NSE,EQ,EQ,sell,false,13.000000,1067.800049,611269804,1300000099319533,2026-02-04T15:25:29
AXISBANK,INE238A01034,2026-02-05,NSE,EQ,EQ,buy,false,15.000000,1318.800049,2938717,1000000032228481,2026-02-05T11:27:51
AXISBANK,INE238A01034,2026-02-05,NSE,EQ,EQ,buy,false,35.000000,1318.699951,2938716,1000000032228481,2026-02-05T11:27:51
AXISBANK,INE238A01034,2026-02-05,NSE,EQ,EQ,sell,false,25.000000,1329.000000,5721995,1000000069626284,2026-02-05T14:47:38
AXISBANK,INE238A01034,2026-02-05,NSE,EQ,EQ,sell,false,25.000000,1330.400024,6438101,1000000076260568,2026-02-05T15:21:32
GOLDBEES,INF204KB17I5,2026-02-06,NSE,EQ,EQ,sell,false,123.000000,123.080002,202764347,1100000024899311,2026-02-06T10:27:27
GOLDBEES,INF204KB17I5,2026-02-06,NSE,EQ,EQ,sell,false,26.000000,123.089996,202764346,1100000024899311,2026-02-06T10:27:27
